[
    {
        "customerId": 1672520,
        "businessId": 11418308,
        "title": "Dr. KVM Nandakumar in Perambur | Nephrologist Service Provider near Adyar, Perambur, Chennai, - 600096",
        "description": "Dr. KVM Nandakumar in Adyar, Perambur provides the following services -nephrologist, pediatrician, Chronic Disease Management, Diagnosis and Treatment, Emergency Care, Health Counseling, Preventive care. Check out the latest ratings and reviews, contact details, addresses, mobile numbers, map directions, photos, videos and blogs of Dr. KVM Nandakumar in Adyar, Perambur",
        "keywords": "Dr. KVM Nandakumar in Perambur, Dr. KVM Nandakumar in Adyar, nephrologist, pediatrician, Chronic Disease Management, Diagnosis and Treatment, Emergency Care, Health Counseling, Preventive care, Dr. KVM Nandakumar in Chennai - 600096",
        "heading": "Dr. KVM Nandakumar in Adyar, Perambur",
        "businessName": "Dr. KVM Nandakumar",
        "templateJson": "{\"template\":[{\"backgroundColor\":\"#202F59\",\"textColor\":\"#FFFFFF\",\"type\":1},{\"backgroundColor\":\"#dd1652\",\"textColor\":\"#f4f4f4\",\"type\":2},{\"backgroundColor\":\"#ffffff\",\"textColor\":\"#212121\",\"type\":3}],\"refTemplateId\":8}",
        "placeId": null,
        "serviceArea": "Adyar,Velachery,Guindy,Anna nagar",
        "micrositeDomainUrl": "https://doctor.promanagetest.com/",
        "isMicrositeActive": true,
        "customerDocuments": null,
        "businessDocuments": "[{\"name\":\"Eyecare.pdf\",\"title\":\"Health Tips\",\"size\":1713612,\"type\":\"pdf\",\"documentUrl\":\"https://lscdn.blob.core.windows.net/content/pro-manage/document/1672520/11418308/Eyecare.pdf\",\"uploadedBy\":43393806,\"uploadedOn\":\"2023-11-02T09:29:47.509Z\"},{\"name\":\"Oral Health and Hygiene.pdf\",\"title\":\"Health Care\",\"size\":874167,\"type\":\"pdf\",\"documentUrl\":\"https://lscdn.blob.core.windows.net/content/pro-manage/document/1672520/11418308/Oral%20Health%20and%20Hygiene.pdf\",\"uploadedBy\":43393806,\"uploadedOn\":\"2023-11-02T09:29:47.509Z\"}]",
        "latitude": "0",
        "longitude": "0",
        "zipCode": "600096",
        "cityName": "Chennai",
        "subArea": "Adyar",
        "areaName": "Perambur",
        "mapsUrl": null,
        "streetName": "Old Mahabalipuram Road, Perungudi,",
        "mobileNo": "8080080800",
        "timings": "Sunday: 10:00 AM - 02:00 PM, Monday: 10:00 AM - 07:00 PM, Tuesday: 10:00 AM - 07:00 PM, Wednesday: 10:00 AM - 07:00 PM, Thursday: 10:00 AM - 07:00 PM, Friday: 10:00 AM - 07:00 PM, Saturday: 10:00 AM - 05:00 PM",
        "workingHoursStatus": "Open",
        "currHrStatus": "10:00 AM - 07:00 PM",
        "rating": 0,
        "reviewCount": 0,
        "roundedRating": 0,
        "logoUrl": "https://lscdn.azureedge.net/biz-live/img/11418308-11418308-17d16f04.jpeg",
        "coverUrl": "https://lscdn.azureedge.net/biz-live/img/11418308-11418308-a57d72ab.jpeg",
        "facebookUrl": "",
        "twitterUrl": "",
        "youtubeUrl": "",
        "linkedinUrl": "",
        "instagramUrl": "",
        "emailId": "",
        "landmark": "",
        "whatsappNumber": "8080080800",
        "bvnNumber": null,
        "pageType": 0,
        "gaTrack": null,
        "ga4Track": null,
        "primaryCategories": "[{\"primarycategory\":\"nephrologist\",\"additionalcategories\":\"pediatrician\"}]",
        "categoryDescription": "[{\"categoryId\":\"pediatrician\",\"description\":\"Dr. PMSME is a dedicated pediatrician with a deep passion for children's health. Their extensive training and experience in pediatrics make them a go-to expert for parents seeking the best care for their little ones. Dr. PMSME excels in diagnosing and treating a wide array of pediatric conditions, ensuring that children receive the specialized attention they need to thrive. Their compassionate nature and commitment to children's well-being set them apart as a top choice for pediatric care\"},{\"categoryId\":\"doctor\",\"description\":\"Dr. PMSME is a distinguished medical professional who specializes in pediatrics. With a wealth of knowledge and experience, Dr. PMSME is a trusted healthcare provider known for delivering top-notch patient care. Their expertise extends beyond the traditional role of a doctor, incorporating a holistic approach to medicine, focusing on patient education, and fostering long-term wellness.\"}]",
        "about": "Dr. KVM Nandakumar  serve all home related services in  Old Mahabalipuram Road, Perungudi,, Chennai,Tamil Nadu at  Chennai ,  Tamil Nadu ,  600096 ,  Perambur ",
        "indexType": 1,
        "clarityId": "",
        "webProfileRePublishDate": "2024-09-02T11:19:15.937Z",
        "WebsiteUrl": "https://doctor.promanagetest.com/",
        "favicon": "https://lscdn.blob.core.windows.net/content/pro-manage/images/favicon.ico",
        "servicesOffered": "Chronic Disease Management,Diagnosis and Treatment,Emergency Care,Health Counseling,Preventive care",
        "webProfileColorPreference": "[{\"backgroundColor\":\"#202F59\",\"textColor\":\"#FFFFFF\",\"type\":1},{\"backgroundColor\":\"#dd1652\",\"textColor\":\"#f4f4f4\",\"type\":2},{\"backgroundColor\":\"#fff\",\"textColor\":\"#212121\",\"type\":3}]",
        "liveTemplate": "{\"template\":[{\"backgroundColor\":\"#202F59\",\"textColor\":\"#FFFFFF\",\"type\":1},{\"backgroundColor\":\"#dd1652\",\"textColor\":\"#f4f4f4\",\"type\":2},{\"backgroundColor\":\"#ffffff\",\"textColor\":\"#212121\",\"type\":3}],\"refTemplateId\":8}",
        "GTMCode": null,
        "GoogleSiteVerificationCode": null,
        "PlaceId": null,
        "StatusId": 2,
        "SubstatusId": 34,
        "PromanagePageUrl": "https://www.promanage.biz/pmsme-test/doctor-in-perambur-chennai-11418308-profile",
        "SulekhaPageUrl": "https://www.sulekha.com/dr-kvm-nandakumar-perambur-chennai-contact-address",
        "ServiceAreaJson": null,
        "State": "Tamil Nadu",
        "WebProfileLogo": "https://promanageinbox.blob.core.windows.net/inboxmessages/pro-manage/sme/web-profile-images/11418308/11418308-logo%201.png",
        "WebProfileBanner": "https://promanageinbox.blob.core.windows.net/inboxmessages/pro-manage/sme/web-profile-images/11418308/Mask%20group.jpg"
    }
]