{
    "reviewList": [
        {
            "contentId": 10220574,
            "businessId": 11528250,
            "gmbStoreCode": null,
            "businessName": "SIA SKIN & HAIR CLINIC",
            "address": ", No 190/2A1A, 1st Floor, Raj towers, Rajiv Gandhi Salai, IT Highway, Next to Sathyabama Institute of Science, Semmancheri, 600119",
            "cityName": "Chennai",
            "areaName": "Semmancheri",
            "zipCode": "600119",
            "stateName": "Tamil Nadu",
            "displayNumber": "9993330589",
            "websiteUrl": "https://www.sia.clinic/",
            "reviewId": "AbFvOqmXIuU6dPd3hfdHrJLfAkeVNhUrJrLzxSjwUiyy7KtTYdqczu_yOhZREq08uDvqOJmv16eTfQ",
            "jsonContent": "{\"reviewId\":\"AbFvOqmXIuU6dPd3hfdHrJLfAkeVNhUrJrLzxSjwUiyy7KtTYdqczu_yOhZREq08uDvqOJmv16eTfQ\",\"reviewer\":{\"profilePhotoUrl\":\"https://lh3.googleusercontent.com/a/ACg8ocJ0K1DxYn-U4JYhIwTBDKQxNeE7hD0bY1mBv5oxrYjHRQEK1gE=s120-c-rp-mo-ba2-br100\",\"displayName\":\"Abilash S V\"},\"starRating\":\"FIVE\",\"comment\":null,\"createTime\":\"2024-09-14T14:01:53.792164Z\",\"updateTime\":\"2024-09-14T14:01:53.792164Z\",\"name\":\"accounts/108839328579155674328/locations/17974012194723449108/reviews/AbFvOqmXIuU6dPd3hfdHrJLfAkeVNhUrJrLzxSjwUiyy7KtTYdqczu_yOhZREq08uDvqOJmv16eTfQ\",\"reviewReply\":{\"promanageUserId\":100004440,\"promanageUserName\":\"Mukesh\",\"comment\":\"We're so happy to hear you had a great experience. We hope to serve you again.\",\"updateTime\":\"2024-09-23T07:20:55.7955837Z\"}}",
            "reviewDetail": {
                "reviewId": "AbFvOqmXIuU6dPd3hfdHrJLfAkeVNhUrJrLzxSjwUiyy7KtTYdqczu_yOhZREq08uDvqOJmv16eTfQ",
                "reviewer": {
                    "profilePhotoUrl": "https://lh3.googleusercontent.com/a/ACg8ocJ0K1DxYn-U4JYhIwTBDKQxNeE7hD0bY1mBv5oxrYjHRQEK1gE=s120-c-rp-mo-ba2-br100",
                    "displayName": "Abilash S V"
                },
                "starRating": "FIVE",
                "comment": null,
                "createTime": "2024-09-14T14:01:53.792164Z",
                "updateTime": "2024-09-14T14:01:53.792164Z",
                "name": "accounts/108839328579155674328/locations/17974012194723449108/reviews/AbFvOqmXIuU6dPd3hfdHrJLfAkeVNhUrJrLzxSjwUiyy7KtTYdqczu_yOhZREq08uDvqOJmv16eTfQ",
                "reviewReply": {
                    "promanageUserId": 100004440,
                    "promanageUserName": "Mukesh",
                    "comment": "We're so happy to hear you had a great experience. We hope to serve you again.",
                    "updateTime": "2024-09-23T07:20:55.7955837Z"
                }
            },
            "pid": "0",
            "mediumType": "Google",
            "isSync": false,
            "sentimentTypeId": 105,
            "replyDate": "09/23/2024 07:20:55",
            "rating": 5,
            "aliasBusinessName": "SIA SKIN & HAIR CLINIC",
            "mediumTypeId": 83,
            "isActive": true,
            "reviewReplyTypeId": 224,
            "reviewReplyType": "Manual",
            "templateName": null,
            "ruleName": null,
            "isAccessLost": false,
            "reviewAttributes": "[{\"attributeId\":1,\"sentimentTypeId\":105,\"attributeName\":\"Overall\"}]",
            "updatedSentimentTypeId": 0,
            "isEditedReview": false,
            "ticketId": 0,
            "ticketStatus": 0,
            "isRuleMissed": 0,
            "ruleMissedText": null,
            "isDeleted": false,
            "deletedOn": null
        },
        {
            "contentId": 10015575,
            "businessId": 11528250,
            "gmbStoreCode": null,
            "businessName": "SIA SKIN & HAIR CLINIC",
            "address": ", No 190/2A1A, 1st Floor, Raj towers, Rajiv Gandhi Salai, IT Highway, Next to Sathyabama Institute of Science, Semmancheri, 600119",
            "cityName": "Chennai",
            "areaName": "Semmancheri",
            "zipCode": "600119",
            "stateName": "Tamil Nadu",
            "displayNumber": "9993330589",
            "websiteUrl": "https://www.sia.clinic/",
            "reviewId": "AbFvOqmNAoc98-Tb3vt-9HpgIvwv4l0fihMrOmmhQxCpy70GTP9h2-UQFof6fu39tg9oJNgu1IKF7w",
            "jsonContent": "{\"reviewId\":\"AbFvOqmNAoc98-Tb3vt-9HpgIvwv4l0fihMrOmmhQxCpy70GTP9h2-UQFof6fu39tg9oJNgu1IKF7w\",\"reviewer\":{\"profilePhotoUrl\":\"https://lh3.googleusercontent.com/a-/ALV-UjWBukaukROVQKwYsC_ppm3Q6kaNXyR1NK6L5nFJqq2JoJWn8MA=s120-c-rp-mo-br100\",\"displayName\":\"Yuvarani\"},\"starRating\":\"FIVE\",\"comment\":\"🙏I am so much thankful to God that u met  Swetha mam... because I was suffered a lot from my previous doctor...I was taking treatment for contagious issue... Shwetha mam was so humble and she understands the pain of patients.she guide me and helped me to cure my condition.i am very much satisfied with this doctor and she is very much talented doctor..✨\",\"createTime\":\"2024-09-01T10:58:56.285272Z\",\"updateTime\":\"2024-09-01T10:58:56.285272Z\",\"name\":\"accounts/108839328579155674328/locations/17974012194723449108/reviews/AbFvOqmNAoc98-Tb3vt-9HpgIvwv4l0fihMrOmmhQxCpy70GTP9h2-UQFof6fu39tg9oJNgu1IKF7w\",\"reviewReply\":{\"promanageUserId\":0,\"promanageUserName\":null,\"comment\":\"Glad to hear that SIA skin clinic has helped you regarding your skin concern.Thank You for taking time to share your feedback.\",\"updateTime\":\"2024-09-07T10:26:10.070862Z\"}}",
            "reviewDetail": {
                "reviewId": "AbFvOqmNAoc98-Tb3vt-9HpgIvwv4l0fihMrOmmhQxCpy70GTP9h2-UQFof6fu39tg9oJNgu1IKF7w",
                "reviewer": {
                    "profilePhotoUrl": "https://lh3.googleusercontent.com/a-/ALV-UjWBukaukROVQKwYsC_ppm3Q6kaNXyR1NK6L5nFJqq2JoJWn8MA=s120-c-rp-mo-br100",
                    "displayName": "Yuvarani"
                },
                "starRating": "FIVE",
                "comment": "🙏I am so much thankful to God that u met  Swetha mam... because I was suffered a lot from my previous doctor...I was taking treatment for contagious issue... Shwetha mam was so humble and she understands the pain of patients.she guide me and helped me to cure my condition.i am very much satisfied with this doctor and she is very much talented doctor..✨",
                "createTime": "2024-09-01T10:58:56.285272Z",
                "updateTime": "2024-09-01T10:58:56.285272Z",
                "name": "accounts/108839328579155674328/locations/17974012194723449108/reviews/AbFvOqmNAoc98-Tb3vt-9HpgIvwv4l0fihMrOmmhQxCpy70GTP9h2-UQFof6fu39tg9oJNgu1IKF7w",
                "reviewReply": {
                    "promanageUserId": 0,
                    "promanageUserName": null,
                    "comment": "Glad to hear that SIA skin clinic has helped you regarding your skin concern.Thank You for taking time to share your feedback.",
                    "updateTime": "2024-09-07T10:26:10.070862Z"
                }
            },
            "pid": "0",
            "mediumType": "Google",
            "isSync": false,
            "sentimentTypeId": 105,
            "replyDate": "09/07/2024 10:26:10",
            "rating": 5,
            "aliasBusinessName": "SIA SKIN & HAIR CLINIC",
            "mediumTypeId": 83,
            "isActive": true,
            "reviewReplyTypeId": 0,
            "reviewReplyType": "",
            "templateName": null,
            "ruleName": null,
            "isAccessLost": false,
            "reviewAttributes": "[{\"attributeId\":1,\"sentimentTypeId\":105,\"attributeName\":\"Overall\"},{\"attributeId\":2,\"sentimentTypeId\":127,\"attributeName\":\"Service\"},{\"attributeId\":3,\"sentimentTypeId\":127,\"attributeName\":\"Cleanliness\"},{\"attributeId\":4,\"sentimentTypeId\":105,\"attributeName\":\"Staff\"},{\"attributeId\":5,\"sentimentTypeId\":127,\"attributeName\":\"Price\"}]",
            "updatedSentimentTypeId": 0,
            "isEditedReview": false,
            "ticketId": 0,
            "ticketStatus": 0,
            "isRuleMissed": 0,
            "ruleMissedText": null,
            "isDeleted": false,
            "deletedOn": null
        }
    ],
    "dataCollectionInfo": {
        "totalReviews": 2,
        "repliedCount": 2,
        "notRepliedCount": 0,
        "startDate": "2023-10-05T00:00:00",
        "endDate": "2024-09-27T00:00:00",
        "_startDate": "05 Oct 2023",
        "_endDate": "27 Sep 2024"
    }
}