[
    {
        "profileId": 0,
        "appointmentDuration": 0,
        "availabilityStatus": true,
        "appointmentDate": "2024-09-27",
        "formattedAppointmentDate": "Fri, 27 September 2024",
        "appointmentSlotTime": null,
        "appointmentSlotId": 0,
        "isActive": false,
        "isBooked": false,
        "timeZone": null,
        "unformattedSlotTime": null,
        "blockReason": null
    },
    {
        "profileId": 0,
        "appointmentDuration": 0,
        "availabilityStatus": true,
        "appointmentDate": "2024-09-28",
        "formattedAppointmentDate": "Sat, 28 September 2024",
        "appointmentSlotTime": null,
        "appointmentSlotId": 0,
        "isActive": false,
        "isBooked": false,
        "timeZone": null,
        "unformattedSlotTime": null,
        "blockReason": null
    },
    {
        "profileId": 0,
        "appointmentDuration": 0,
        "availabilityStatus": true,
        "appointmentDate": "2024-09-30",
        "formattedAppointmentDate": "Mon, 30 September 2024",
        "appointmentSlotTime": null,
        "appointmentSlotId": 0,
        "isActive": false,
        "isBooked": false,
        "timeZone": null,
        "unformattedSlotTime": null,
        "blockReason": null
    },
    {
        "profileId": 0,
        "appointmentDuration": 0,
        "availabilityStatus": true,
        "appointmentDate": "2024-10-01",
        "formattedAppointmentDate": "Tue, 01 October 2024",
        "appointmentSlotTime": null,
        "appointmentSlotId": 0,
        "isActive": false,
        "isBooked": false,
        "timeZone": null,
        "unformattedSlotTime": null,
        "blockReason": null
    },
    {
        "profileId": 0,
        "appointmentDuration": 0,
        "availabilityStatus": true,
        "appointmentDate": "2024-10-02",
        "formattedAppointmentDate": "Wed, 02 October 2024",
        "appointmentSlotTime": null,
        "appointmentSlotId": 0,
        "isActive": false,
        "isBooked": false,
        "timeZone": null,
        "unformattedSlotTime": null,
        "blockReason": null
    },
    {
        "profileId": 0,
        "appointmentDuration": 0,
        "availabilityStatus": true,
        "appointmentDate": "2024-10-03",
        "formattedAppointmentDate": "Thu, 03 October 2024",
        "appointmentSlotTime": null,
        "appointmentSlotId": 0,
        "isActive": false,
        "isBooked": false,
        "timeZone": null,
        "unformattedSlotTime": null,
        "blockReason": null
    },
    {
        "profileId": 0,
        "appointmentDuration": 0,
        "availabilityStatus": true,
        "appointmentDate": "2024-10-04",
        "formattedAppointmentDate": "Fri, 04 October 2024",
        "appointmentSlotTime": null,
        "appointmentSlotId": 0,
        "isActive": false,
        "isBooked": false,
        "timeZone": null,
        "unformattedSlotTime": null,
        "blockReason": null
    },
    {
        "profileId": 0,
        "appointmentDuration": 0,
        "availabilityStatus": true,
        "appointmentDate": "2024-10-08",
        "formattedAppointmentDate": "Tue, 08 October 2024",
        "appointmentSlotTime": null,
        "appointmentSlotId": 0,
        "isActive": false,
        "isBooked": false,
        "timeZone": null,
        "unformattedSlotTime": null,
        "blockReason": null
    },
    {
        "profileId": 0,
        "appointmentDuration": 0,
        "availabilityStatus": true,
        "appointmentDate": "2024-10-09",
        "formattedAppointmentDate": "Wed, 09 October 2024",
        "appointmentSlotTime": null,
        "appointmentSlotId": 0,
        "isActive": false,
        "isBooked": false,
        "timeZone": null,
        "unformattedSlotTime": null,
        "blockReason": null
    },
    {
        "profileId": 0,
        "appointmentDuration": 0,
        "availabilityStatus": true,
        "appointmentDate": "2024-10-10",
        "formattedAppointmentDate": "Thu, 10 October 2024",
        "appointmentSlotTime": null,
        "appointmentSlotId": 0,
        "isActive": false,
        "isBooked": false,
        "timeZone": null,
        "unformattedSlotTime": null,
        "blockReason": null
    },
    {
        "profileId": 0,
        "appointmentDuration": 0,
        "availabilityStatus": true,
        "appointmentDate": "2024-10-11",
        "formattedAppointmentDate": "Fri, 11 October 2024",
        "appointmentSlotTime": null,
        "appointmentSlotId": 0,
        "isActive": false,
        "isBooked": false,
        "timeZone": null,
        "unformattedSlotTime": null,
        "blockReason": null
    }
]